epoch,time,train/box_loss,train/cls_loss,train/dfl_loss,metrics/precision(B),metrics/recall(B),metrics/mAP50(B),metrics/mAP50-95(B),val/box_loss,val/cls_loss,val/dfl_loss,lr/pg0,lr/pg1,lr/pg2
1,14.301,1.65374,3.28175,0.83397,0.01171,1,0.01861,0.00841,1.16162,4.09988,0.78633,0.000460968,0.000460968,0.000460968
2,28.0682,1.25554,1.82025,0.80495,0.01015,1,0.06414,0.04344,1.10785,3.52152,0.79638,0.000918743,0.000918743,0.000918743
3,41.8274,1.22128,1.32282,0.7971,0.96496,0.23702,0.92858,0.74032,0.95516,2.53874,0.80222,0.00135765,0.00135765,0.00135765
4,55.5469,1.12131,1.03223,0.80413,0.99327,0.97046,0.99304,0.75462,0.94343,1.70906,0.80759,0.00134412,0.00134412,0.00134412
5,69.0504,1.08245,0.93257,0.79571,0.98032,1,0.99461,0.78615,0.88039,1.02841,0.79722,0.00131582,0.00131582,0.00131582
6,82.751,1.12704,0.91589,0.78654,0.99328,1,0.99446,0.79531,0.84796,0.88464,0.7935,0.00128753,0.00128753,0.00128753
7,96.5836,0.95613,0.81977,0.78509,0.99878,0.99988,0.995,0.86338,0.63711,0.71335,0.78226,0.00125923,0.00125923,0.00125923
8,110.057,0.84201,0.74016,0.77435,0.99779,1,0.995,0.849,0.60878,0.6907,0.77753,0.00123094,0.00123094,0.00123094
9,123.744,0.83409,0.72427,0.77765,0.99892,1,0.995,0.83697,0.68085,0.64716,0.77676,0.00120265,0.00120265,0.00120265
10,137.677,0.85833,0.69839,0.76994,0.99785,1,0.995,0.8515,0.62449,0.64483,0.77824,0.00117435,0.00117435,0.00117435
11,151.458,0.80088,0.66895,0.77041,0.99855,1,0.995,0.83072,0.68464,0.59458,0.77654,0.00114606,0.00114606,0.00114606
12,165.14,0.78025,0.62121,0.77768,0.99792,1,0.995,0.83699,0.67292,0.5892,0.78033,0.00111776,0.00111776,0.00111776
13,178.719,0.78105,0.62532,0.77684,0.99866,1,0.995,0.84147,0.72907,0.57895,0.77127,0.00108947,0.00108947,0.00108947
14,192.414,0.79733,0.60746,0.77075,0.99878,1,0.995,0.87747,0.59382,0.53063,0.76797,0.00106118,0.00106118,0.00106118
15,206.169,0.76686,0.5988,0.76747,0.99863,1,0.995,0.89045,0.5405,0.52714,0.76646,0.00103288,0.00103288,0.00103288
16,219.824,0.70449,0.58093,0.76339,0.99893,1,0.995,0.90065,0.48719,0.5094,0.76606,0.00100459,0.00100459,0.00100459
17,233.433,0.66543,0.55841,0.76858,0.99896,1,0.995,0.88095,0.53017,0.49269,0.76841,0.000976293,0.000976293,0.000976293
18,247.129,0.68658,0.55038,0.76362,0.99881,1,0.995,0.89262,0.5153,0.47988,0.7674,0.000947999,0.000947999,0.000947999
19,260.968,0.61891,0.52308,0.76056,0.99866,1,0.995,0.90288,0.46892,0.4621,0.76354,0.000919704,0.000919704,0.000919704
20,274.738,0.63492,0.51578,0.76758,0.99848,1,0.995,0.90466,0.46651,0.44226,0.76302,0.00089141,0.00089141,0.00089141
21,288.448,0.61852,0.50769,0.75763,0.99881,1,0.995,0.91118,0.46545,0.43388,0.76024,0.000863116,0.000863116,0.000863116
22,302.216,0.6108,0.49007,0.76377,0.99756,1,0.995,0.911,0.4613,0.42626,0.76103,0.000834822,0.000834822,0.000834822
23,316.067,0.61384,0.49144,0.75582,0.99839,1,0.995,0.91568,0.45444,0.42369,0.76195,0.000806528,0.000806528,0.000806528
24,330.121,0.62987,0.49732,0.75831,0.99886,1,0.995,0.91298,0.46883,0.42325,0.76023,0.000778233,0.000778233,0.000778233
25,344.232,0.60217,0.48639,0.75478,0.99882,1,0.995,0.91673,0.42942,0.40386,0.7584,0.000749939,0.000749939,0.000749939
26,358.173,0.56716,0.45164,0.76097,0.998,1,0.995,0.91628,0.44921,0.39589,0.75737,0.000721645,0.000721645,0.000721645
27,371.844,0.60439,0.45996,0.75676,0.99853,1,0.995,0.91353,0.43516,0.39463,0.75863,0.000693351,0.000693351,0.000693351
28,385.602,0.56346,0.45201,0.75283,0.9984,1,0.995,0.91093,0.43361,0.39068,0.75628,0.000665057,0.000665057,0.000665057
29,399.305,0.54794,0.44417,0.74997,0.99868,1,0.995,0.91904,0.41961,0.37379,0.75728,0.000636762,0.000636762,0.000636762
30,413.053,0.52754,0.42977,0.76817,0.99876,1,0.995,0.91634,0.42442,0.37091,0.75746,0.000608468,0.000608468,0.000608468
31,426.695,0.55114,0.43993,0.7535,0.99855,1,0.995,0.90887,0.43948,0.37153,0.75635,0.000580174,0.000580174,0.000580174
32,440.622,0.56366,0.43762,0.76132,0.99877,1,0.995,0.91155,0.46186,0.38181,0.7564,0.00055188,0.00055188,0.00055188
33,454.407,0.54099,0.43481,0.75173,0.99912,1,0.995,0.92489,0.40701,0.36152,0.75517,0.000523586,0.000523586,0.000523586
34,468.49,0.50993,0.42025,0.7565,0.99906,1,0.995,0.92113,0.41175,0.36009,0.75557,0.000495291,0.000495291,0.000495291
35,482.049,0.51725,0.41158,0.76218,0.99846,1,0.995,0.9311,0.3903,0.35357,0.75669,0.000466997,0.000466997,0.000466997
36,495.897,0.51857,0.40803,0.76295,0.99883,1,0.995,0.91873,0.42765,0.35182,0.76027,0.000438703,0.000438703,0.000438703
37,509.696,0.52893,0.41677,0.75462,0.99864,1,0.995,0.92881,0.39453,0.34633,0.75745,0.000410409,0.000410409,0.000410409
38,523.647,0.53509,0.4157,0.7635,0.99907,1,0.995,0.93079,0.38324,0.33985,0.7536,0.000382115,0.000382115,0.000382115
39,537.77,0.52151,0.40897,0.75625,0.99898,1,0.995,0.92898,0.39166,0.32962,0.75281,0.00035382,0.00035382,0.00035382
40,551.805,0.50393,0.38805,0.76597,0.99891,1,0.995,0.92462,0.39012,0.32522,0.75244,0.000325526,0.000325526,0.000325526
41,565.898,0.4715,0.3849,0.76367,0.999,1,0.995,0.92371,0.41117,0.33024,0.75303,0.000297232,0.000297232,0.000297232
42,579.654,0.45681,0.37743,0.76385,0.99861,1,0.995,0.92278,0.39621,0.3308,0.75482,0.000268938,0.000268938,0.000268938
43,593.171,0.46125,0.3911,0.75629,0.99875,1,0.995,0.92511,0.38915,0.32914,0.7532,0.000240644,0.000240644,0.000240644
44,606.735,0.44197,0.37286,0.76036,0.99882,1,0.995,0.93122,0.37762,0.32084,0.75279,0.000212349,0.000212349,0.000212349
45,620.427,0.4319,0.36504,0.76268,0.9987,1,0.995,0.92607,0.38828,0.31431,0.7526,0.000184055,0.000184055,0.000184055
46,633.985,0.44768,0.37245,0.76,0.99905,1,0.995,0.93581,0.38356,0.31291,0.7518,0.000155761,0.000155761,0.000155761
47,647.646,0.43928,0.36723,0.76145,0.99917,1,0.995,0.93558,0.36937,0.31009,0.75014,0.000127467,0.000127467,0.000127467
48,661.166,0.43499,0.3601,0.75685,0.99899,1,0.995,0.93394,0.36733,0.30487,0.75047,9.91726e-05,9.91726e-05,9.91726e-05
49,674.781,0.42012,0.34816,0.76492,0.99892,1,0.995,0.92753,0.37899,0.30538,0.75129,7.08784e-05,7.08784e-05,7.08784e-05
50,688.463,0.42084,0.35513,0.74825,0.99901,1,0.995,0.93618,0.36213,0.29915,0.75031,4.25842e-05,4.25842e-05,4.25842e-05
